{
  "PUT Book" : {
    "transaction" : "PUT Book",
    "sampleCount" : 2,
    "errorCount" : 0,
    "errorPct" : 0.0,
    "meanResTime" : 262.0,
    "medianResTime" : 262.0,
    "minResTime" : 262.0,
    "maxResTime" : 262.0,
    "pct1ResTime" : 262.0,
    "pct2ResTime" : 262.0,
    "pct3ResTime" : 262.0,
    "throughput" : 3.8684719535783367,
    "receivedKBytesPerSec" : 0.9897848162475822,
    "sentKBytesPerSec" : 1.3751208897485492
  },
  "Delete Book" : {
    "transaction" : "Delete Book",
    "sampleCount" : 2,
    "errorCount" : 0,
    "errorPct" : 0.0,
    "meanResTime" : 260.0,
    "medianResTime" : 260.0,
    "minResTime" : 258.0,
    "maxResTime" : 262.0,
    "pct1ResTime" : 262.0,
    "pct2ResTime" : 262.0,
    "pct3ResTime" : 262.0,
    "throughput" : 3.898635477582846,
    "receivedKBytesPerSec" : 0.8033321150097466,
    "sentKBytesPerSec" : 0.9365862573099415
  },
  "Total" : {
    "transaction" : "Total",
    "sampleCount" : 9,
    "errorCount" : 0,
    "errorPct" : 0.0,
    "meanResTime" : 496.22222222222223,
    "medianResTime" : 262.0,
    "minResTime" : 258.0,
    "maxResTime" : 2156.0,
    "pct1ResTime" : 2156.0,
    "pct2ResTime" : 2156.0,
    "pct3ResTime" : 2156.0,
    "throughput" : 2.7480916030534353,
    "receivedKBytesPerSec" : 278.04836593511453,
    "sentKBytesPerSec" : 0.7720062022900763
  },
  "Get All Books" : {
    "transaction" : "Get All Books",
    "sampleCount" : 1,
    "errorCount" : 0,
    "errorPct" : 0.0,
    "meanResTime" : 2156.0,
    "medianResTime" : 2156.0,
    "minResTime" : 2156.0,
    "maxResTime" : 2156.0,
    "pct1ResTime" : 2156.0,
    "pct2ResTime" : 2156.0,
    "pct3ResTime" : 2156.0,
    "throughput" : 0.46382189239332094,
    "receivedKBytesPerSec" : 416.6782924107143,
    "sentKBytesPerSec" : 0.09647857722634508
  },
  "Get Book" : {
    "transaction" : "Get Book",
    "sampleCount" : 2,
    "errorCount" : 0,
    "errorPct" : 0.0,
    "meanResTime" : 345.0,
    "medianResTime" : 345.0,
    "minResTime" : 340.0,
    "maxResTime" : 350.0,
    "pct1ResTime" : 350.0,
    "pct2ResTime" : 350.0,
    "pct3ResTime" : 350.0,
    "throughput" : 3.0120481927710845,
    "receivedKBytesPerSec" : 16.286826995481928,
    "sentKBytesPerSec" : 0.6324124623493975
  },
  "Post Book" : {
    "transaction" : "Post Book",
    "sampleCount" : 2,
    "errorCount" : 0,
    "errorPct" : 0.0,
    "meanResTime" : 288.0,
    "medianResTime" : 288.0,
    "minResTime" : 259.0,
    "maxResTime" : 317.0,
    "pct1ResTime" : 317.0,
    "pct2ResTime" : 317.0,
    "pct3ResTime" : 317.0,
    "throughput" : 3.4904013961605584,
    "receivedKBytesPerSec" : 0.8930519197207679,
    "sentKBytesPerSec" : 1.2373200261780106
  }
}