{
  "PUT Book" : {
    "transaction" : "PUT Book",
    "sampleCount" : 4,
    "errorCount" : 0,
    "errorPct" : 0.0,
    "meanResTime" : 262.5,
    "medianResTime" : 262.0,
    "minResTime" : 260.0,
    "maxResTime" : 266.0,
    "pct1ResTime" : 266.0,
    "pct2ResTime" : 266.0,
    "pct3ResTime" : 266.0,
    "throughput" : 5.095541401273885,
    "receivedKBytesPerSec" : 1.3037420382165605,
    "sentKBytesPerSec" : 1.8113057324840764
  },
  "Delete Book" : {
    "transaction" : "Delete Book",
    "sampleCount" : 4,
    "errorCount" : 0,
    "errorPct" : 0.0,
    "meanResTime" : 263.0,
    "medianResTime" : 263.0,
    "minResTime" : 260.0,
    "maxResTime" : 266.0,
    "pct1ResTime" : 266.0,
    "pct2ResTime" : 266.0,
    "pct3ResTime" : 266.0,
    "throughput" : 5.115089514066496,
    "receivedKBytesPerSec" : 1.0539881713554986,
    "sentKBytesPerSec" : 1.2288203324808185
  },
  "Total" : {
    "transaction" : "Total",
    "sampleCount" : 19,
    "errorCount" : 0,
    "errorPct" : 0.0,
    "meanResTime" : 609.7894736842104,
    "medianResTime" : 266.0,
    "minResTime" : 260.0,
    "maxResTime" : 2371.0,
    "pct1ResTime" : 2315.0,
    "pct2ResTime" : 2371.0,
    "pct3ResTime" : 2371.0,
    "throughput" : 4.770273663068039,
    "receivedKBytesPerSec" : 673.3939065246045,
    "sentKBytesPerSec" : 1.321779672985187
  },
  "Get All Books" : {
    "transaction" : "Get All Books",
    "sampleCount" : 3,
    "errorCount" : 0,
    "errorPct" : 0.0,
    "meanResTime" : 2293.3333333333335,
    "medianResTime" : 2315.0,
    "minResTime" : 2194.0,
    "maxResTime" : 2371.0,
    "pct1ResTime" : 2371.0,
    "pct2ResTime" : 2371.0,
    "pct3ResTime" : 2371.0,
    "throughput" : 1.0660980810234542,
    "receivedKBytesPerSec" : 944.9803854610874,
    "sentKBytesPerSec" : 0.22175672974413646
  },
  "Get Book" : {
    "transaction" : "Get Book",
    "sampleCount" : 4,
    "errorCount" : 0,
    "errorPct" : 0.0,
    "meanResTime" : 376.5,
    "medianResTime" : 378.5,
    "minResTime" : 366.0,
    "maxResTime" : 383.0,
    "pct1ResTime" : 383.0,
    "pct2ResTime" : 383.0,
    "pct3ResTime" : 383.0,
    "throughput" : 4.4296788482834994,
    "receivedKBytesPerSec" : 22.23923726467331,
    "sentKBytesPerSec" : 0.9300595238095238
  },
  "Post Book" : {
    "transaction" : "Post Book",
    "sampleCount" : 4,
    "errorCount" : 0,
    "errorPct" : 0.0,
    "meanResTime" : 274.5,
    "medianResTime" : 264.5,
    "minResTime" : 260.0,
    "maxResTime" : 309.0,
    "pct1ResTime" : 309.0,
    "pct2ResTime" : 309.0,
    "pct3ResTime" : 309.0,
    "throughput" : 5.089058524173028,
    "receivedKBytesPerSec" : 1.3020833333333333,
    "sentKBytesPerSec" : 1.8040314885496183
  }
}